{
	"credit": "Created by Mickey Joe Alpha - http://YouTube.com/@MushirMickeyJoe",
	"ambientocclusion": false,
	"textures": {
		"particle": "block/flower_pot",
		"plant": "block/wither_rose"
	},
	"elements": [
		{
			"from": [8, 4, 5],
			"to": [8, 11, 12],
			"shade": false,
			"rotation": {"angle": -45, "axis": "y", "origin": [8.025, 9.5, 8]},
			"faces": {
				"east": {"uv": [9, 9, 16, 16], "texture": "#plant"},
				"west": {"uv": [9, 9, 16, 16], "texture": "#plant"}
			}
		},
		{
			"from": [4.05, 4, 8],
			"to": [11.05, 11, 8],
			"shade": false,
			"rotation": {"angle": -45, "axis": "y", "origin": [8.025, 9.5, 8]},
			"faces": {
				"north": {"uv": [9, 9, 16, 16], "texture": "#plant"},
				"south": {"uv": [9, 9, 16, 16], "texture": "#plant"}
			}
		},
		{
			"from": [9.25, 11, 6.1],
			"to": [9.25, 15, 10.1],
			"shade": false,
			"rotation": {"angle": 22.5, "axis": "y", "origin": [9.25, 13.5, 8.1]},
			"faces": {
				"east": {"uv": [0, 0, 4, 4], "texture": "#plant"},
				"west": {"uv": [4, 0, 0, 4], "texture": "#plant"}
			}
		},
		{
			"from": [6.25, 11, 5.9],
			"to": [6.25, 15, 9.9],
			"shade": false,
			"rotation": {"angle": 22.5, "axis": "y", "origin": [6.25, 13.5, 7.9]},
			"faces": {
				"east": {"uv": [4, 0, 0, 4], "texture": "#plant"},
				"west": {"uv": [0, 0, 4, 4], "texture": "#plant"}
			}
		},
		{
			"from": [5.85, 11, 6.5],
			"to": [9.85, 15, 6.5],
			"shade": false,
			"rotation": {"angle": 22.5, "axis": "y", "origin": [7.85, 13.5, 6.5]},
			"faces": {
				"north": {"uv": [0, 0, 4, 4], "texture": "#plant"},
				"south": {"uv": [4, 0, 0, 4], "texture": "#plant"}
			}
		},
		{
			"from": [7.25, 11.5, 7.5],
			"to": [8.25, 15.5, 8.5],
			"shade": false,
			"rotation": {"angle": 0, "axis": "y", "origin": [9.25, 13, 6.5]},
			"faces": {
				"north": {"uv": [0, 4, 1, 9], "texture": "#plant"},
				"east": {"uv": [0, 4, 1, 9], "texture": "#plant"},
				"south": {"uv": [0, 4, 1, 9], "texture": "#plant"},
				"west": {"uv": [0, 4, 1, 9], "texture": "#plant"}
			}
		},
		{
			"from": [8.25, 15.5, 8.5],
			"to": [7.25, 11.5, 7.5],
			"shade": false,
			"rotation": {"angle": 0, "axis": "y", "origin": [12.25, 17, 9.5]},
			"faces": {
				"north": {"uv": [0, 9, 1, 4], "texture": "#plant"},
				"east": {"uv": [0, 9, 1, 4], "texture": "#plant"},
				"south": {"uv": [0, 9, 1, 4], "texture": "#plant"},
				"west": {"uv": [0, 9, 1, 4], "texture": "#plant"}
			}
		},
		{
			"from": [5.65, 11, 9.5],
			"to": [9.65, 15, 9.5],
			"shade": false,
			"rotation": {"angle": 22.5, "axis": "y", "origin": [7.65, 13.5, 9.5]},
			"faces": {
				"north": {"uv": [4, 0, 0, 4], "texture": "#plant"},
				"south": {"uv": [0, 0, 4, 4], "texture": "#plant"}
			}
		},
		{
			"from": [5.25, 11, 9.45],
			"to": [10.25, 14, 9.45],
			"shade": false,
			"rotation": {"angle": 45, "axis": "x", "origin": [7.25, 11, 9.45]},
			"faces": {
				"north": {"uv": [4, 0, 9, 3], "texture": "#plant"},
				"south": {"uv": [9, 0, 4, 3], "texture": "#plant"}
			}
		},
		{
			"from": [5.25, 11, 6.45],
			"to": [10.25, 14, 6.45],
			"shade": false,
			"rotation": {"angle": -45, "axis": "x", "origin": [7.25, 11, 6.45]},
			"faces": {
				"north": {"uv": [9, 0, 4, 3], "texture": "#plant"},
				"south": {"uv": [4, 0, 9, 3], "texture": "#plant"}
			}
		},
		{
			"from": [6.25, 11, 6.45],
			"to": [9.25, 11, 9.45],
			"shade": false,
			"rotation": {"angle": 0, "axis": "y", "origin": [7.25, 11, 9.45]},
			"faces": {
				"up": {"uv": [7, 7, 4, 4], "texture": "#plant"},
				"down": {"uv": [4, 4, 1, 7], "texture": "#plant"}
			}
		},
		{
			"from": [9.25, 11, 5.45],
			"to": [9.25, 14, 10.45],
			"shade": false,
			"rotation": {"angle": -45, "axis": "z", "origin": [9.25, 11, 7.45]},
			"faces": {
				"east": {"uv": [9, 0, 4, 3], "texture": "#plant"},
				"west": {"uv": [4, 0, 9, 3], "texture": "#plant"}
			}
		},
		{
			"from": [6.25, 11, 5.45],
			"to": [6.25, 14, 10.45],
			"shade": false,
			"rotation": {"angle": 45, "axis": "z", "origin": [6.25, 11, 7.45]},
			"faces": {
				"east": {"uv": [4, 0, 9, 3], "texture": "#plant"},
				"west": {"uv": [9, 0, 4, 3], "texture": "#plant"}
			}
		}
	]
}