{
	"credit": "Created by Mickey Joe Alpha - http://YouTube.com/@MushirMickeyJoe",
	"ambientocclusion": false,
	"textures": {
		"plant": "block/cornflower",
		"particle": "block/flower_pot"
	},
	"elements": [
		{
			"from": [8.24893, 4, 4.99741],
			"to": [8.24893, 12, 11.99741],
			"shade": false,
			"rotation": {"angle": -45, "axis": "y", "origin": [8.25, 4, 8]},
			"faces": {
				"east": {"uv": [9, 8, 16, 16], "texture": "#plant"},
				"west": {"uv": [9, 8, 16, 16], "texture": "#plant"}
			}
		},
		{
			"from": [4.29893, 4, 7.99741],
			"to": [11.29893, 12, 7.99741],
			"shade": false,
			"rotation": {"angle": -45, "axis": "y", "origin": [8.25, 4, 8]},
			"faces": {
				"north": {"uv": [9, 8, 16, 16], "texture": "#plant"},
				"south": {"uv": [9, 8, 16, 16], "texture": "#plant"}
			}
		},
		{
			"from": [6.95, 12, 7],
			"to": [8.95, 14, 9],
			"shade": false,
			"rotation": {"angle": 0, "axis": "y", "origin": [6.95, 12, 7]},
			"faces": {
				"north": {"uv": [0, 12, 2, 14], "texture": "#plant"},
				"east": {"uv": [2, 12, 0, 14], "texture": "#plant"},
				"south": {"uv": [0, 12, 2, 14], "texture": "#plant"},
				"west": {"uv": [2, 12, 0, 14], "texture": "#plant"},
				"down": {"uv": [2, 14, 0, 16], "texture": "#plant"}
			}
		},
		{
			"from": [5.95, 14, 5],
			"to": [8.95, 14, 7],
			"shade": false,
			"rotation": {"angle": 22.5, "axis": "x", "origin": [7.95, 14, 7]},
			"faces": {
				"up": {"uv": [4, 2, 1, 0], "texture": "#plant"},
				"down": {"uv": [4, 0, 1, 2], "texture": "#plant"}
			}
		},
		{
			"from": [4.95, 14, 5],
			"to": [10.95, 14, 11],
			"shade": false,
			"rotation": {"angle": 0, "axis": "y", "origin": [7.95, 14, 7]},
			"faces": {
				"up": {"uv": [6, 10, 0, 4], "texture": "#plant"},
				"down": {"uv": [6, 4, 0, 10], "texture": "#plant"}
			}
		},
		{
			"from": [8.95, 14, 6],
			"to": [10.95, 14, 9],
			"shade": false,
			"rotation": {"angle": 22.5, "axis": "z", "origin": [8.95, 14, 8]},
			"faces": {
				"up": {"uv": [4, 2, 1, 0], "rotation": 90, "texture": "#plant"},
				"down": {"uv": [4, 0, 1, 2], "rotation": 270, "texture": "#plant"}
			}
		},
		{
			"from": [6.95, 14, 9],
			"to": [9.95, 14, 11],
			"shade": false,
			"rotation": {"angle": -22.5, "axis": "x", "origin": [7.95, 14, 9]},
			"faces": {
				"up": {"uv": [4, 2, 1, 0], "rotation": 180, "texture": "#plant"},
				"down": {"uv": [4, 0, 1, 2], "rotation": 180, "texture": "#plant"}
			}
		},
		{
			"from": [6.95, 14, 8],
			"to": [8.95, 16, 8],
			"shade": false,
			"rotation": {"angle": 0, "axis": "y", "origin": [7.95, 14, 8]},
			"faces": {
				"north": {"uv": [4, 16, 2, 14], "texture": "#plant"},
				"south": {"uv": [2, 14, 4, 16], "rotation": 180, "texture": "#plant"}
			}
		},
		{
			"from": [7.95, 14, 7],
			"to": [7.95, 16, 9],
			"shade": false,
			"rotation": {"angle": 0, "axis": "y", "origin": [7.95, 15, 8]},
			"faces": {
				"east": {"uv": [2, 14, 4, 16], "rotation": 180, "texture": "#plant"},
				"west": {"uv": [4, 16, 2, 14], "texture": "#plant"}
			}
		},
		{
			"from": [4.95, 14, 7],
			"to": [6.95, 14, 10],
			"shade": false,
			"rotation": {"angle": -22.5, "axis": "z", "origin": [6.95, 14, 9]},
			"faces": {
				"up": {"uv": [4, 2, 1, 0], "rotation": 270, "texture": "#plant"},
				"down": {"uv": [1, 2, 4, 0], "rotation": 270, "texture": "#plant"}
			}
		},
		{
			"from": [4.95, 14, 6],
			"to": [6.95, 14, 10],
			"shade": false,
			"rotation": {"angle": 45, "axis": "z", "origin": [6.95, 14, 8]},
			"faces": {
				"up": {"uv": [6, 4, 4, 0], "texture": "#plant"},
				"down": {"uv": [6, 0, 4, 4], "texture": "#plant"}
			}
		},
		{
			"from": [8.95, 14, 6],
			"to": [10.95, 14, 10],
			"shade": false,
			"rotation": {"angle": -45, "axis": "z", "origin": [8.95, 14, 8]},
			"faces": {
				"up": {"uv": [6, 4, 4, 0], "rotation": 180, "texture": "#plant"},
				"down": {"uv": [6, 0, 4, 4], "rotation": 180, "texture": "#plant"}
			}
		},
		{
			"from": [5.95, 14, 9],
			"to": [9.95, 14, 11],
			"shade": false,
			"rotation": {"angle": 45, "axis": "x", "origin": [7.95, 14, 9]},
			"faces": {
				"up": {"uv": [6, 4, 4, 0], "rotation": 270, "texture": "#plant"},
				"down": {"uv": [6, 0, 4, 4], "rotation": 90, "texture": "#plant"}
			}
		},
		{
			"from": [5.95, 14, 5],
			"to": [9.95, 14, 7],
			"shade": false,
			"rotation": {"angle": -45, "axis": "x", "origin": [7.95, 14, 7]},
			"faces": {
				"up": {"uv": [6, 4, 4, 0], "rotation": 90, "texture": "#plant"},
				"down": {"uv": [6, 0, 4, 4], "rotation": 270, "texture": "#plant"}
			}
		}
	]
}