{
	"credit": "Created by Mickey Joe Alpha - http://YouTube.com/@MushirMickeyJoe",
	"ambientocclusion": false,
	"textures": {
		"plant": "block/allium",
		"particle": "block/flower_pot"
	},
	"elements": [
		{
			"from": [5.5, 14, 5.5],
			"to": [10.5, 19, 10.5],
			"rotation": {"angle": -45, "axis": "y", "origin": [8, 16.5, 8]},
			"faces": {
				"north": {"uv": [0, 5, 5, 10], "texture": "#plant"},
				"east": {"uv": [5, 5, 0, 10], "texture": "#plant"},
				"south": {"uv": [0, 5, 5, 10], "texture": "#plant"},
				"west": {"uv": [5, 5, 0, 10], "texture": "#plant"},
				"up": {"uv": [5, 5, 0, 0], "texture": "#plant"},
				"down": {"uv": [5, 10, 0, 15], "texture": "#plant"}
			}
		},
		{
			"from": [5.5, 13, 5.5],
			"to": [10.5, 14, 10.5],
			"rotation": {"angle": -45, "axis": "y", "origin": [8, 15.5, 8]},
			"faces": {
				"north": {"uv": [5, 0, 10, 1], "texture": "#plant"},
				"east": {"uv": [10, 0, 5, 1], "texture": "#plant"},
				"south": {"uv": [5, 0, 10, 1], "texture": "#plant"},
				"west": {"uv": [10, 0, 5, 1], "texture": "#plant"}
			}
		},
		{
			"from": [8.00259, 4, 5.04893],
			"to": [8.00259, 14, 11.04893],
			"shade": false,
			"rotation": {"angle": 0, "axis": "y", "origin": [8, 4, 8]},
			"faces": {
				"east": {"uv": [8, 6, 14, 16], "texture": "#plant"},
				"west": {"uv": [8, 6, 14, 16], "texture": "#plant"}
			}
		},
		{
			"from": [5.00259, 4, 7.99893],
			"to": [11.00259, 14, 7.99893],
			"shade": false,
			"rotation": {"angle": 0, "axis": "y", "origin": [8, 4, 8]},
			"faces": {
				"north": {"uv": [8, 6, 14, 16], "texture": "#plant"},
				"south": {"uv": [8, 6, 14, 16], "texture": "#plant"}
			}
		}
	]
}